Region,Effect_Size_(r)
L_bankssts_thickavg,0.019
L_caudalanteriorcingulate_thickavg,0.019
L_caudalmiddlefrontal_thickavg,0.007
L_cuneus_thickavg,0.002
L_entorhinal_thickavg,-0.019
L_fusiform_thickavg,-0.038
L_inferiorparietal_thickavg,-0.004
L_inferiortemporal_thickavg,-0.003
L_isthmuscingulate_thickavg,-0.023
L_lateraloccipital_thickavg,0.035
L_lateralorbitofrontal_thickavg,0.006
L_lingual_thickavg,-0.013
L_medialorbitofrontal_thickavg,0.057
L_middletemporal_thickavg,-0.002
L_parahippocampal_thickavg,0.012
L_paracentral_thickavg,-0.046
L_parsopercularis_thickavg,-0.012
L_parsorbitalis_thickavg,0.01
L_parstriangularis_thickavg,-0.012
L_pericalcarine_thickavg,-0.019
L_postcentral_thickavg,-0.004
L_posteriorcingulate_thickavg,0.027
L_precentral_thickavg,-0.01
L_precuneus_thickavg,0.001
L_rostralanteriorcingulate_thickavg,0.036
L_rostralmiddlefrontal_thickavg,0.004
L_superiorfrontal_thickavg,-0.003
L_superiorparietal_thickavg,-0.019
L_superiortemporal_thickavg,0.001
L_supramarginal_thickavg,-0.022
L_frontalpole_thickavg,0.046
L_temporalpole_thickavg,0.019
L_transversetemporal_thickavg,0.035
L_insula_thickavg,-0.002
R_bankssts_thickavg,0.034
R_caudalanteriorcingulate_thickavg,0.025
R_caudalmiddlefrontal_thickavg,0.003
R_cuneus_thickavg,0.004
R_entorhinal_thickavg,0.007
R_fusiform_thickavg,-0.001
R_inferiorparietal_thickavg,0.024
R_inferiortemporal_thickavg,-0.026
R_isthmuscingulate_thickavg,-0.039
R_lateraloccipital_thickavg,0.009
R_lateralorbitofrontal_thickavg,0.005
R_lingual_thickavg,-0.019
R_medialorbitofrontal_thickavg,0.067
R_middletemporal_thickavg,0.031
R_parahippocampal_thickavg,-0.003
R_paracentral_thickavg,-0.02
R_parsopercularis_thickavg,0.006
R_parsorbitalis_thickavg,-0.013
R_parstriangularis_thickavg,0.008
R_pericalcarine_thickavg,0.019
R_postcentral_thickavg,-0.017
R_posteriorcingulate_thickavg,0.013
R_precentral_thickavg,-0.038
R_precuneus_thickavg,-0.02
R_rostralanteriorcingulate_thickavg,0.025
R_rostralmiddlefrontal_thickavg,-0.008
R_superiorfrontal_thickavg,0.013
R_superiorparietal_thickavg,-0.016
R_superiortemporal_thickavg,0.024
R_supramarginal_thickavg,0.003
R_frontalpole_thickavg,0.05
R_temporalpole_thickavg,0.022
R_transversetemporal_thickavg,0.012
R_insula_thickavg,-0.013
